<?xml version="1.0" encoding="UTF-8" standalone="yes"?>
<addon id="repository.TWTxGGRepo" name="TWTxGG Repo" version="1.0" provider-name="TWTxGG">
    <extension point="xbmc.addon.repository" name="Nome Repository">
        <dir>
            <info compressed="false">https://raw.githubusercontent.com/twtxgg/TWTxGGRepo/master/zips/addons.xml</info>
            <checksum>https://raw.githubusercontent.com/twtxgg/TWTxGGRepo/master/zips/addons.xml.md5</checksum>
            <datadir zip="true">https://raw.githubusercontent.com/twtxgg/TWTxGGRepo/master/zips/</datadir>
        </dir>
    </extension>
    <extension point="xbmc.addon.metadata">
        <summary>TWTxGG Repo</summary>
        <description>Addons do GG</description>
        <disclaimer></disclaimer>
        <platform>all</platform>
        <assets>
            <icon>icon.png</icon>
            <fanart>fanart.jpg</fanart>
        </assets>
    </extension>
</addon>